repeat,method,stop_budget,stopped_early,bottom_jaccard,bottom_overlap,bottom_mistakes,bootstrap_q10_jaccard,ambiguous_count
0,naive_consecutive,100,False,1.0,38,0,0.48733031674208144,47
0,bootstrap_permissive,100,False,1.0,38,0,0.48733031674208144,47
0,bootstrap_balanced,100,False,1.0,38,0,0.48733031674208144,47
0,bootstrap_conservative,100,False,1.0,38,0,0.48733031674208144,47
1,naive_consecutive,75,True,0.7272727272727273,32,6,0.46153846153846156,48
1,bootstrap_permissive,100,False,1.0,38,0,0.46153846153846156,44
1,bootstrap_balanced,100,False,1.0,38,0,0.46153846153846156,44
1,bootstrap_conservative,100,False,1.0,38,0,0.46153846153846156,44
2,naive_consecutive,55,True,0.6888888888888889,31,7,0.4074074074074074,54
2,bootstrap_permissive,100,False,1.0,38,0,0.46153846153846156,48
2,bootstrap_balanced,100,False,1.0,38,0,0.46153846153846156,48
2,bootstrap_conservative,100,False,1.0,38,0,0.46153846153846156,48
3,naive_consecutive,85,True,0.8536585365853658,35,3,0.45878084179970974,47
3,bootstrap_permissive,100,False,1.0,38,0,0.46153846153846156,41
3,bootstrap_balanced,100,False,1.0,38,0,0.46153846153846156,41
3,bootstrap_conservative,100,False,1.0,38,0,0.46153846153846156,41
4,naive_consecutive,90,True,0.7674418604651163,33,5,0.4339622641509434,51
4,bootstrap_permissive,100,False,1.0,38,0,0.46153846153846156,43
4,bootstrap_balanced,100,False,1.0,38,0,0.46153846153846156,43
4,bootstrap_conservative,100,False,1.0,38,0,0.46153846153846156,43
5,naive_consecutive,55,True,0.5833333333333334,28,10,0.38181818181818183,58
5,bootstrap_permissive,100,False,1.0,38,0,0.46153846153846156,42
5,bootstrap_balanced,100,False,1.0,38,0,0.46153846153846156,42
5,bootstrap_conservative,100,False,1.0,38,0,0.46153846153846156,42
6,naive_consecutive,100,False,1.0,38,0,0.46153846153846156,44
6,bootstrap_permissive,100,False,1.0,38,0,0.46153846153846156,44
6,bootstrap_balanced,100,False,1.0,38,0,0.46153846153846156,44
6,bootstrap_conservative,100,False,1.0,38,0,0.46153846153846156,44
7,naive_consecutive,100,False,1.0,38,0,0.46153846153846156,44
7,bootstrap_permissive,100,False,1.0,38,0,0.46153846153846156,44
7,bootstrap_balanced,100,False,1.0,38,0,0.46153846153846156,44
7,bootstrap_conservative,100,False,1.0,38,0,0.46153846153846156,44
8,naive_consecutive,75,True,0.5833333333333334,28,10,0.4074074074074074,55
8,bootstrap_permissive,100,False,1.0,38,0,0.48733031674208144,44
8,bootstrap_balanced,100,False,1.0,38,0,0.48733031674208144,44
8,bootstrap_conservative,100,False,1.0,38,0,0.48733031674208144,44
9,naive_consecutive,100,False,1.0,38,0,0.46153846153846156,44
9,bootstrap_permissive,100,False,1.0,38,0,0.46153846153846156,44
9,bootstrap_balanced,100,False,1.0,38,0,0.46153846153846156,44
9,bootstrap_conservative,100,False,1.0,38,0,0.46153846153846156,44
10,naive_consecutive,100,False,1.0,38,0,0.46153846153846156,43
10,bootstrap_permissive,100,False,1.0,38,0,0.46153846153846156,43
10,bootstrap_balanced,100,False,1.0,38,0,0.46153846153846156,43
10,bootstrap_conservative,100,False,1.0,38,0,0.46153846153846156,43
11,naive_consecutive,50,True,0.5833333333333334,28,10,0.3547619047619048,59
11,bootstrap_permissive,100,False,1.0,38,0,0.46153846153846156,43
11,bootstrap_balanced,100,False,1.0,38,0,0.46153846153846156,43
11,bootstrap_conservative,100,False,1.0,38,0,0.46153846153846156,43
12,naive_consecutive,100,False,1.0,38,0,0.46153846153846156,45
12,bootstrap_permissive,100,False,1.0,38,0,0.46153846153846156,45
12,bootstrap_balanced,100,False,1.0,38,0,0.46153846153846156,45
12,bootstrap_conservative,100,False,1.0,38,0,0.46153846153846156,45
13,naive_consecutive,100,False,1.0,38,0,0.46153846153846156,43
13,bootstrap_permissive,100,False,1.0,38,0,0.46153846153846156,43
13,bootstrap_balanced,100,False,1.0,38,0,0.46153846153846156,43
13,bootstrap_conservative,100,False,1.0,38,0,0.46153846153846156,43
14,naive_consecutive,100,False,1.0,38,0,0.49019607843137253,42
14,bootstrap_permissive,100,False,1.0,38,0,0.49019607843137253,42
14,bootstrap_balanced,100,False,1.0,38,0,0.49019607843137253,42
14,bootstrap_conservative,100,False,1.0,38,0,0.49019607843137253,42
15,naive_consecutive,90,True,0.7674418604651163,33,5,0.46153846153846156,42
15,bootstrap_permissive,100,False,1.0,38,0,0.46153846153846156,42
15,bootstrap_balanced,100,False,1.0,38,0,0.46153846153846156,42
15,bootstrap_conservative,100,False,1.0,38,0,0.46153846153846156,42
16,naive_consecutive,55,True,0.5510204081632653,27,11,0.4339622641509434,40
16,bootstrap_permissive,100,False,1.0,38,0,0.46153846153846156,47
16,bootstrap_balanced,100,False,1.0,38,0,0.46153846153846156,47
16,bootstrap_conservative,100,False,1.0,38,0,0.46153846153846156,47
17,naive_consecutive,65,True,0.6170212765957447,29,9,0.4339622641509434,50
17,bootstrap_permissive,100,False,1.0,38,0,0.46153846153846156,45
17,bootstrap_balanced,100,False,1.0,38,0,0.46153846153846156,45
17,bootstrap_conservative,100,False,1.0,38,0,0.46153846153846156,45
18,naive_consecutive,100,False,1.0,38,0,0.49019607843137253,45
18,bootstrap_permissive,100,False,1.0,38,0,0.49019607843137253,45
18,bootstrap_balanced,100,False,1.0,38,0,0.49019607843137253,45
18,bootstrap_conservative,100,False,1.0,38,0,0.49019607843137253,45
19,naive_consecutive,60,True,0.5510204081632653,27,11,0.4339622641509434,51
19,bootstrap_permissive,100,False,1.0,38,0,0.46153846153846156,46
19,bootstrap_balanced,100,False,1.0,38,0,0.46153846153846156,46
19,bootstrap_conservative,100,False,1.0,38,0,0.46153846153846156,46
20,naive_consecutive,70,True,0.7272727272727273,32,6,0.4339622641509434,47
20,bootstrap_permissive,100,False,1.0,38,0,0.49019607843137253,45
20,bootstrap_balanced,100,False,1.0,38,0,0.49019607843137253,45
20,bootstrap_conservative,100,False,1.0,38,0,0.49019607843137253,45
21,naive_consecutive,60,True,0.6170212765957447,29,9,0.4339622641509434,47
21,bootstrap_permissive,100,False,1.0,38,0,0.46153846153846156,43
21,bootstrap_balanced,100,False,1.0,38,0,0.46153846153846156,43
21,bootstrap_conservative,100,False,1.0,38,0,0.46153846153846156,43
22,naive_consecutive,60,True,0.5510204081632653,27,11,0.38181818181818183,55
22,bootstrap_permissive,100,False,1.0,38,0,0.46153846153846156,44
22,bootstrap_balanced,100,False,1.0,38,0,0.46153846153846156,44
22,bootstrap_conservative,100,False,1.0,38,0,0.46153846153846156,44
23,naive_consecutive,80,True,0.8095238095238095,34,4,0.45878084179970974,43
23,bootstrap_permissive,100,False,1.0,38,0,0.48733031674208144,46
23,bootstrap_balanced,100,False,1.0,38,0,0.48733031674208144,46
23,bootstrap_conservative,100,False,1.0,38,0,0.48733031674208144,46
24,naive_consecutive,75,True,0.7272727272727273,32,6,0.4074074074074074,54
24,bootstrap_permissive,100,False,1.0,38,0,0.46153846153846156,43
24,bootstrap_balanced,100,False,1.0,38,0,0.46153846153846156,43
24,bootstrap_conservative,100,False,1.0,38,0,0.46153846153846156,43
25,naive_consecutive,50,True,0.6170212765957447,29,9,0.4074074074074074,51
25,bootstrap_permissive,100,False,1.0,38,0,0.46153846153846156,45
25,bootstrap_balanced,100,False,1.0,38,0,0.46153846153846156,45
25,bootstrap_conservative,100,False,1.0,38,0,0.46153846153846156,45
26,naive_consecutive,100,False,1.0,38,0,0.46153846153846156,44
26,bootstrap_permissive,100,False,1.0,38,0,0.46153846153846156,44
26,bootstrap_balanced,100,False,1.0,38,0,0.46153846153846156,44
26,bootstrap_conservative,100,False,1.0,38,0,0.46153846153846156,44
27,naive_consecutive,60,True,0.7272727272727273,32,6,0.46153846153846156,44
27,bootstrap_permissive,100,False,1.0,38,0,0.49019607843137253,46
27,bootstrap_balanced,100,False,1.0,38,0,0.49019607843137253,46
27,bootstrap_conservative,100,False,1.0,38,0,0.49019607843137253,46
28,naive_consecutive,100,False,1.0,38,0,0.46153846153846156,47
28,bootstrap_permissive,100,False,1.0,38,0,0.46153846153846156,47
28,bootstrap_balanced,100,False,1.0,38,0,0.46153846153846156,47
28,bootstrap_conservative,100,False,1.0,38,0,0.46153846153846156,47
29,naive_consecutive,80,True,0.6521739130434783,30,8,0.4339622641509434,52
29,bootstrap_permissive,100,False,1.0,38,0,0.46153846153846156,48
29,bootstrap_balanced,100,False,1.0,38,0,0.46153846153846156,48
29,bootstrap_conservative,100,False,1.0,38,0,0.46153846153846156,48
30,naive_consecutive,85,True,0.7272727272727273,32,6,0.4339622641509434,48
30,bootstrap_permissive,100,False,1.0,38,0,0.46153846153846156,47
30,bootstrap_balanced,100,False,1.0,38,0,0.46153846153846156,47
30,bootstrap_conservative,100,False,1.0,38,0,0.46153846153846156,47
31,naive_consecutive,80,True,0.7674418604651163,33,5,0.4339622641509434,49
31,bootstrap_permissive,100,False,1.0,38,0,0.49019607843137253,42
31,bootstrap_balanced,100,False,1.0,38,0,0.49019607843137253,42
31,bootstrap_conservative,100,False,1.0,38,0,0.49019607843137253,42
32,naive_consecutive,100,False,1.0,38,0,0.46153846153846156,46
32,bootstrap_permissive,100,False,1.0,38,0,0.46153846153846156,46
32,bootstrap_balanced,100,False,1.0,38,0,0.46153846153846156,46
32,bootstrap_conservative,100,False,1.0,38,0,0.46153846153846156,46
33,naive_consecutive,90,True,0.9487179487179487,37,1,0.48733031674208144,40
33,bootstrap_permissive,100,False,1.0,38,0,0.48733031674208144,41
33,bootstrap_balanced,100,False,1.0,38,0,0.48733031674208144,41
33,bootstrap_conservative,100,False,1.0,38,0,0.48733031674208144,41
34,naive_consecutive,40,True,0.46153846153846156,24,14,0.38181818181818183,50
34,bootstrap_permissive,100,False,1.0,38,0,0.49019607843137253,42
34,bootstrap_balanced,100,False,1.0,38,0,0.49019607843137253,42
34,bootstrap_conservative,100,False,1.0,38,0,0.49019607843137253,42
35,naive_consecutive,40,True,0.5510204081632653,27,11,0.40484848484848485,57
35,bootstrap_permissive,100,False,1.0,38,0,0.46153846153846156,48
35,bootstrap_balanced,100,False,1.0,38,0,0.46153846153846156,48
35,bootstrap_conservative,100,False,1.0,38,0,0.46153846153846156,48
36,naive_consecutive,90,True,0.9,36,2,0.46153846153846156,46
36,bootstrap_permissive,100,False,1.0,38,0,0.49019607843137253,46
36,bootstrap_balanced,100,False,1.0,38,0,0.49019607843137253,46
36,bootstrap_conservative,100,False,1.0,38,0,0.49019607843137253,46
37,naive_consecutive,95,True,0.9,36,2,0.49019607843137253,44
37,bootstrap_permissive,100,False,1.0,38,0,0.46153846153846156,44
37,bootstrap_balanced,100,False,1.0,38,0,0.46153846153846156,44
37,bootstrap_conservative,100,False,1.0,38,0,0.46153846153846156,44
38,naive_consecutive,100,False,1.0,38,0,0.46153846153846156,46
38,bootstrap_permissive,100,False,1.0,38,0,0.46153846153846156,46
38,bootstrap_balanced,100,False,1.0,38,0,0.46153846153846156,46
38,bootstrap_conservative,100,False,1.0,38,0,0.46153846153846156,46
39,naive_consecutive,100,False,1.0,38,0,0.46153846153846156,43
39,bootstrap_permissive,100,False,1.0,38,0,0.46153846153846156,43
39,bootstrap_balanced,100,False,1.0,38,0,0.46153846153846156,43
39,bootstrap_conservative,100,False,1.0,38,0,0.46153846153846156,43
40,naive_consecutive,45,True,0.6521739130434783,30,8,0.4339622641509434,48
40,bootstrap_permissive,100,False,1.0,38,0,0.46153846153846156,44
40,bootstrap_balanced,100,False,1.0,38,0,0.46153846153846156,44
40,bootstrap_conservative,100,False,1.0,38,0,0.46153846153846156,44
41,naive_consecutive,55,True,0.6888888888888889,31,7,0.4313067784765898,48
41,bootstrap_permissive,100,False,1.0,38,0,0.46153846153846156,42
41,bootstrap_balanced,100,False,1.0,38,0,0.46153846153846156,42
41,bootstrap_conservative,100,False,1.0,38,0,0.46153846153846156,42
42,naive_consecutive,95,True,0.9,36,2,0.46153846153846156,48
42,bootstrap_permissive,100,False,1.0,38,0,0.46153846153846156,45
42,bootstrap_balanced,100,False,1.0,38,0,0.46153846153846156,45
42,bootstrap_conservative,100,False,1.0,38,0,0.46153846153846156,45
43,naive_consecutive,65,True,0.6888888888888889,31,7,0.49019607843137253,42
43,bootstrap_permissive,100,False,1.0,38,0,0.49019607843137253,46
43,bootstrap_balanced,100,False,1.0,38,0,0.49019607843137253,46
43,bootstrap_conservative,100,False,1.0,38,0,0.49019607843137253,46
44,naive_consecutive,75,True,0.6888888888888889,31,7,0.4074074074074074,53
44,bootstrap_permissive,100,False,1.0,38,0,0.48733031674208144,42
44,bootstrap_balanced,100,False,1.0,38,0,0.48733031674208144,42
44,bootstrap_conservative,100,False,1.0,38,0,0.48733031674208144,42
45,naive_consecutive,70,True,0.6521739130434783,30,8,0.4074074074074074,55
45,bootstrap_permissive,100,False,1.0,38,0,0.49019607843137253,42
45,bootstrap_balanced,100,False,1.0,38,0,0.49019607843137253,42
45,bootstrap_conservative,100,False,1.0,38,0,0.49019607843137253,42
46,naive_consecutive,65,True,0.7272727272727273,32,6,0.46153846153846156,47
46,bootstrap_permissive,100,False,1.0,38,0,0.49019607843137253,43
46,bootstrap_balanced,100,False,1.0,38,0,0.49019607843137253,43
46,bootstrap_conservative,100,False,1.0,38,0,0.49019607843137253,43
47,naive_consecutive,80,True,0.6521739130434783,30,8,0.4339622641509434,45
47,bootstrap_permissive,100,False,1.0,38,0,0.49019607843137253,48
47,bootstrap_balanced,100,False,1.0,38,0,0.49019607843137253,48
47,bootstrap_conservative,100,False,1.0,38,0,0.49019607843137253,48
48,naive_consecutive,100,False,1.0,38,0,0.46153846153846156,48
48,bootstrap_permissive,100,False,1.0,38,0,0.46153846153846156,48
48,bootstrap_balanced,100,False,1.0,38,0,0.46153846153846156,48
48,bootstrap_conservative,100,False,1.0,38,0,0.46153846153846156,48
49,naive_consecutive,70,True,0.6170212765957447,29,9,0.4339622641509434,54
49,bootstrap_permissive,100,False,1.0,38,0,0.46153846153846156,43
49,bootstrap_balanced,100,False,1.0,38,0,0.46153846153846156,43
49,bootstrap_conservative,100,False,1.0,38,0,0.46153846153846156,43
50,naive_consecutive,80,True,0.6170212765957447,29,9,0.40484848484848485,49
50,bootstrap_permissive,100,False,1.0,38,0,0.46153846153846156,42
50,bootstrap_balanced,100,False,1.0,38,0,0.46153846153846156,42
50,bootstrap_conservative,100,False,1.0,38,0,0.46153846153846156,42
51,naive_consecutive,100,False,1.0,38,0,0.49019607843137253,45
51,bootstrap_permissive,100,False,1.0,38,0,0.49019607843137253,45
51,bootstrap_balanced,100,False,1.0,38,0,0.49019607843137253,45
51,bootstrap_conservative,100,False,1.0,38,0,0.49019607843137253,45
52,naive_consecutive,55,True,0.6888888888888889,31,7,0.4339622641509434,41
52,bootstrap_permissive,100,False,1.0,38,0,0.46153846153846156,47
52,bootstrap_balanced,100,False,1.0,38,0,0.46153846153846156,47
52,bootstrap_conservative,100,False,1.0,38,0,0.46153846153846156,47
53,naive_consecutive,70,True,0.6521739130434783,30,8,0.46153846153846156,45
53,bootstrap_permissive,100,False,1.0,38,0,0.48733031674208144,44
53,bootstrap_balanced,100,False,1.0,38,0,0.48733031674208144,44
53,bootstrap_conservative,100,False,1.0,38,0,0.48733031674208144,44
54,naive_consecutive,55,True,0.5833333333333334,28,10,0.4074074074074074,49
54,bootstrap_permissive,100,False,1.0,38,0,0.49019607843137253,45
54,bootstrap_balanced,100,False,1.0,38,0,0.49019607843137253,45
54,bootstrap_conservative,100,False,1.0,38,0,0.49019607843137253,45
55,naive_consecutive,100,False,1.0,38,0,0.46153846153846156,46
55,bootstrap_permissive,100,False,1.0,38,0,0.46153846153846156,46
55,bootstrap_balanced,100,False,1.0,38,0,0.46153846153846156,46
55,bootstrap_conservative,100,False,1.0,38,0,0.46153846153846156,46
56,naive_consecutive,65,True,0.6170212765957447,29,9,0.4074074074074074,49
56,bootstrap_permissive,100,False,1.0,38,0,0.49019607843137253,44
56,bootstrap_balanced,100,False,1.0,38,0,0.49019607843137253,44
56,bootstrap_conservative,100,False,1.0,38,0,0.49019607843137253,44
57,naive_consecutive,100,False,1.0,38,0,0.46153846153846156,46
57,bootstrap_permissive,100,False,1.0,38,0,0.46153846153846156,46
57,bootstrap_balanced,100,False,1.0,38,0,0.46153846153846156,46
57,bootstrap_conservative,100,False,1.0,38,0,0.46153846153846156,46
58,naive_consecutive,80,True,0.7674418604651163,33,5,0.38181818181818183,63
58,bootstrap_permissive,100,False,1.0,38,0,0.46153846153846156,45
58,bootstrap_balanced,100,False,1.0,38,0,0.46153846153846156,45
58,bootstrap_conservative,100,False,1.0,38,0,0.46153846153846156,45
59,naive_consecutive,50,True,0.5833333333333334,28,10,0.4074074074074074,55
59,bootstrap_permissive,100,False,1.0,38,0,0.46153846153846156,44
59,bootstrap_balanced,100,False,1.0,38,0,0.46153846153846156,44
59,bootstrap_conservative,100,False,1.0,38,0,0.46153846153846156,44
