episode_id,task_id,group_id,split
transport_recovery__0032,transport_recovery,transport_recovery__seed_21032,train
transport_recovery__0010,transport_recovery,transport_recovery__seed_21010,train
transport_dual_order__0056,transport_dual_order,transport_dual_order__seed_21056,train
transport_dual_order__0097,transport_dual_order,transport_dual_order__seed_21097,train
transport_recovery__0006,transport_recovery,transport_recovery__seed_21006,train
transport_recovery__0012,transport_recovery,transport_recovery__seed_21012,train
transport_dual_order__0087,transport_dual_order,transport_dual_order__seed_21087,train
transport_dual_order__0075,transport_dual_order,transport_dual_order__seed_21075,train
transport_recovery__0022,transport_recovery,transport_recovery__seed_21022,train
transport_dual_order__0088,transport_dual_order,transport_dual_order__seed_21088,train
transport_recovery__0034,transport_recovery,transport_recovery__seed_21034,train
transport_dual_order__0096,transport_dual_order,transport_dual_order__seed_21096,train
transport_recovery__0014,transport_recovery,transport_recovery__seed_21014,train
transport_recovery__0028,transport_recovery,transport_recovery__seed_21028,train
transport_recovery__0050,transport_recovery,transport_recovery__seed_21050,train
transport_recovery__0033,transport_recovery,transport_recovery__seed_21033,train
transport_dual_order__0052,transport_dual_order,transport_dual_order__seed_21052,train
transport_recovery__0035,transport_recovery,transport_recovery__seed_21035,train
transport_recovery__0007,transport_recovery,transport_recovery__seed_21007,train
transport_recovery__0018,transport_recovery,transport_recovery__seed_21018,train
transport_recovery__0036,transport_recovery,transport_recovery__seed_21036,train
transport_dual_order__0083,transport_dual_order,transport_dual_order__seed_21083,train
transport_recovery__0026,transport_recovery,transport_recovery__seed_21026,train
transport_recovery__0037,transport_recovery,transport_recovery__seed_21037,train
transport_recovery__0029,transport_recovery,transport_recovery__seed_21029,train
transport_recovery__0027,transport_recovery,transport_recovery__seed_21027,train
transport_dual_order__0065,transport_dual_order,transport_dual_order__seed_21065,train
transport_recovery__0005,transport_recovery,transport_recovery__seed_21005,train
transport_recovery__0021,transport_recovery,transport_recovery__seed_21021,train
transport_recovery__0046,transport_recovery,transport_recovery__seed_21046,train
transport_dual_order__0070,transport_dual_order,transport_dual_order__seed_21070,train
transport_dual_order__0054,transport_dual_order,transport_dual_order__seed_21054,train
transport_recovery__0038,transport_recovery,transport_recovery__seed_21038,train
transport_dual_order__0063,transport_dual_order,transport_dual_order__seed_21063,train
transport_recovery__0043,transport_recovery,transport_recovery__seed_21043,train
transport_dual_order__0059,transport_dual_order,transport_dual_order__seed_21059,train
transport_recovery__0048,transport_recovery,transport_recovery__seed_21048,train
transport_dual_order__0106,transport_dual_order,transport_dual_order__seed_21106,train
transport_dual_order__0061,transport_dual_order,transport_dual_order__seed_21061,train
transport_dual_order__0084,transport_dual_order,transport_dual_order__seed_21084,train
transport_recovery__0017,transport_recovery,transport_recovery__seed_21017,train
transport_dual_order__0073,transport_dual_order,transport_dual_order__seed_21073,train
transport_dual_order__0053,transport_dual_order,transport_dual_order__seed_21053,train
transport_recovery__0013,transport_recovery,transport_recovery__seed_21013,train
transport_recovery__0001,transport_recovery,transport_recovery__seed_21001,train
transport_dual_order__0074,transport_dual_order,transport_dual_order__seed_21074,train
transport_dual_order__0102,transport_dual_order,transport_dual_order__seed_21102,train
transport_dual_order__0060,transport_dual_order,transport_dual_order__seed_21060,train
transport_dual_order__0107,transport_dual_order,transport_dual_order__seed_21107,train
transport_dual_order__0057,transport_dual_order,transport_dual_order__seed_21057,train
transport_dual_order__0069,transport_dual_order,transport_dual_order__seed_21069,train
transport_dual_order__0101,transport_dual_order,transport_dual_order__seed_21101,train
transport_recovery__0019,transport_recovery,transport_recovery__seed_21019,train
transport_recovery__0011,transport_recovery,transport_recovery__seed_21011,train
transport_dual_order__0091,transport_dual_order,transport_dual_order__seed_21091,train
transport_dual_order__0093,transport_dual_order,transport_dual_order__seed_21093,train
transport_dual_order__0067,transport_dual_order,transport_dual_order__seed_21067,train
transport_recovery__0003,transport_recovery,transport_recovery__seed_21003,train
transport_recovery__0004,transport_recovery,transport_recovery__seed_21004,train
transport_dual_order__0072,transport_dual_order,transport_dual_order__seed_21072,train
transport_dual_order__0099,transport_dual_order,transport_dual_order__seed_21099,train
transport_dual_order__0079,transport_dual_order,transport_dual_order__seed_21079,train
transport_dual_order__0082,transport_dual_order,transport_dual_order__seed_21082,train
transport_dual_order__0078,transport_dual_order,transport_dual_order__seed_21078,train
transport_recovery__0044,transport_recovery,transport_recovery__seed_21044,train
transport_dual_order__0095,transport_dual_order,transport_dual_order__seed_21095,val
transport_recovery__0023,transport_recovery,transport_recovery__seed_21023,val
transport_dual_order__0090,transport_dual_order,transport_dual_order__seed_21090,val
transport_recovery__0020,transport_recovery,transport_recovery__seed_21020,val
transport_dual_order__0103,transport_dual_order,transport_dual_order__seed_21103,val
transport_recovery__0047,transport_recovery,transport_recovery__seed_21047,val
transport_dual_order__0066,transport_dual_order,transport_dual_order__seed_21066,val
transport_dual_order__0094,transport_dual_order,transport_dual_order__seed_21094,val
transport_recovery__0051,transport_recovery,transport_recovery__seed_21051,val
transport_dual_order__0055,transport_dual_order,transport_dual_order__seed_21055,val
transport_dual_order__0080,transport_dual_order,transport_dual_order__seed_21080,val
transport_dual_order__0064,transport_dual_order,transport_dual_order__seed_21064,val
transport_dual_order__0068,transport_dual_order,transport_dual_order__seed_21068,val
transport_dual_order__0058,transport_dual_order,transport_dual_order__seed_21058,val
transport_dual_order__0100,transport_dual_order,transport_dual_order__seed_21100,val
transport_recovery__0040,transport_recovery,transport_recovery__seed_21040,val
transport_dual_order__0086,transport_dual_order,transport_dual_order__seed_21086,val
transport_dual_order__0071,transport_dual_order,transport_dual_order__seed_21071,val
transport_recovery__0049,transport_recovery,transport_recovery__seed_21049,val
transport_recovery__0024,transport_recovery,transport_recovery__seed_21024,val
transport_dual_order__0085,transport_dual_order,transport_dual_order__seed_21085,val
transport_dual_order__0105,transport_dual_order,transport_dual_order__seed_21105,val
transport_dual_order__0081,transport_dual_order,transport_dual_order__seed_21081,test
transport_recovery__0008,transport_recovery,transport_recovery__seed_21008,test
transport_dual_order__0092,transport_dual_order,transport_dual_order__seed_21092,test
transport_recovery__0041,transport_recovery,transport_recovery__seed_21041,test
transport_dual_order__0098,transport_dual_order,transport_dual_order__seed_21098,test
transport_recovery__0045,transport_recovery,transport_recovery__seed_21045,test
transport_recovery__0025,transport_recovery,transport_recovery__seed_21025,test
transport_dual_order__0104,transport_dual_order,transport_dual_order__seed_21104,test
transport_recovery__0039,transport_recovery,transport_recovery__seed_21039,test
transport_recovery__0016,transport_recovery,transport_recovery__seed_21016,test
transport_recovery__0031,transport_recovery,transport_recovery__seed_21031,test
transport_recovery__0042,transport_recovery,transport_recovery__seed_21042,test
transport_recovery__0015,transport_recovery,transport_recovery__seed_21015,test
transport_recovery__0000,transport_recovery,transport_recovery__seed_21000,test
transport_dual_order__0062,transport_dual_order,transport_dual_order__seed_21062,test
transport_recovery__0030,transport_recovery,transport_recovery__seed_21030,test
transport_recovery__0002,transport_recovery,transport_recovery__seed_21002,test
transport_dual_order__0089,transport_dual_order,transport_dual_order__seed_21089,test
transport_recovery__0009,transport_recovery,transport_recovery__seed_21009,test
transport_dual_order__0076,transport_dual_order,transport_dual_order__seed_21076,test
transport_dual_order__0077,transport_dual_order,transport_dual_order__seed_21077,test
