job_id	status
full_locked__real_val	PASS
full_locked__real_test	PASS
full_locked__stage3_diagnostic	PASS
full_locked__oracle_trace_bank	PASS
collapse_alternative_to_A_first__real_val	PASS
collapse_alternative_to_A_first__real_test	PASS
collapse_alternative_to_A_first__stage3_diagnostic	PASS
collapse_alternative_to_A_first__oracle_trace_bank	PASS
collapse_alternative_to_B_first__real_val	PASS
collapse_alternative_to_B_first__real_test	PASS
collapse_alternative_to_B_first__stage3_diagnostic	PASS
collapse_alternative_to_B_first__oracle_trace_bank	PASS
remove_recovery_edge__real_val	PASS
remove_recovery_edge__real_test	PASS
remove_recovery_edge__stage3_diagnostic	PASS
remove_recovery_edge__oracle_trace_bank	PASS
no_recovery_debt_cap__real_val	PASS
no_recovery_debt_cap__real_test	PASS
no_recovery_debt_cap__stage3_diagnostic	PASS
no_recovery_debt_cap__oracle_trace_bank	PASS
no_phi__real_val	PASS
no_phi__real_test	PASS
no_phi__stage3_diagnostic	PASS
no_phi__oracle_trace_bank	PASS
cost_only__real_val	PASS
cost_only__real_test	PASS
cost_only__stage3_diagnostic	PASS
cost_only__oracle_trace_bank	PASS
eta_probe_0.00__real_val	PASS
eta_probe_0.00__real_test	PASS
eta_probe_0.00__stage3_diagnostic	PASS
eta_probe_0.00__oracle_trace_bank	PASS
eta_probe_0.05__real_val	PASS
eta_probe_0.05__real_test	PASS
eta_probe_0.05__stage3_diagnostic	PASS
eta_probe_0.05__oracle_trace_bank	PASS
eta_probe_0.10__real_val	PASS
eta_probe_0.10__real_test	PASS
eta_probe_0.10__stage3_diagnostic	PASS
eta_probe_0.10__oracle_trace_bank	PASS
eta_probe_0.25__real_val	PASS
eta_probe_0.25__real_test	PASS
eta_probe_0.25__stage3_diagnostic	PASS
eta_probe_0.25__oracle_trace_bank	PASS
beta_probe_0.0__real_val	PASS
beta_probe_0.0__real_test	PASS
beta_probe_0.0__stage3_diagnostic	PASS
beta_probe_0.0__oracle_trace_bank	PASS
beta_probe_0.5__real_val	PASS
beta_probe_0.5__real_test	PASS
beta_probe_0.5__stage3_diagnostic	PASS
beta_probe_0.5__oracle_trace_bank	PASS
beta_probe_1.0__real_val	PASS
beta_probe_1.0__real_test	PASS
beta_probe_1.0__stage3_diagnostic	PASS
beta_probe_1.0__oracle_trace_bank	PASS
