alternative_denominator,alternative_f1,alternative_precision,alternative_recall,ambiguous_guard_rate,censored_occurrence_count,dwell_denominator,dwell_f1,dwell_precision,dwell_recall,failure_event_denominator,failure_event_f1,failure_event_precision,failure_event_recall,failure_terminal_denominator,failure_terminal_f1,failure_terminal_precision,failure_terminal_predicted_count,failure_terminal_recall,false_terminal_claim_denominator,false_terminal_claim_rate,graph_id,guard_ambiguous_count,mixed_pair_occurrence_rate,occurrence_count,progress_denominator,progress_f1,progress_precision,progress_recall,recovery_achieved_denominator,recovery_achieved_f1,recovery_achieved_precision,recovery_achieved_recall,recovery_attempt_denominator,recovery_attempt_f1,recovery_attempt_precision,recovery_attempt_recall,root_family_id,terminal_abstention_rate,terminal_actual_count,terminal_claim_count,terminal_claim_coverage,terminal_failure_denominator,terminal_failure_f1,terminal_failure_precision,terminal_failure_recall,terminal_success_denominator,terminal_success_f1,terminal_success_precision,terminal_success_recall,transition_coverage,typed_occurrence_coverage,unknown_rate
4,,,0.0,0.0,0,0,,,,0,,,,0,,,0,,0,,G0_raw_topology,0,0.0,41,8,,,0.0,0,,,,0,,,,u4b_v1_60,1.0,4,0,0.0,0,,,,4,,,0.0,1.0,0.0,1.0
4,,,0.0,0.0,0,1,,,0.0,3,,,0.0,0,,0.0,37,,37,1.0,G0_raw_topology,0,0.0,73,7,,,0.0,2,,,0.0,3,,,0.0,u4b_v1_61,0.4931506849315068,3,37,0.5068493150684932,0,,,,3,,,0.0,1.0,0.0,1.0
4,,,0.0,0.0,0,0,,,,4,,,0.0,0,,0.0,8,,8,1.0,G0_raw_topology,0,0.0,56,8,,,0.0,4,,,0.0,4,,,0.0,u4b_v1_62,0.8571428571428571,4,8,0.14285714285714285,0,,,,4,,,0.0,1.0,0.0,1.0
4,,,0.0,0.0,0,0,,,,0,,,,0,,,0,,0,,G0_raw_topology,0,0.0,41,8,,,0.0,0,,,,0,,,,u4b_v1_63,1.0,4,0,0.0,0,,,,4,,,0.0,1.0,0.0,1.0
0,,,,0.0,0,0,,,,0,,,,4,,,0,0.0,0,,G0_raw_topology,0,0.0,13,4,,,0.0,0,,,,0,,,,u4b_v1_64,1.0,4,0,0.0,4,,,0.0,0,,,,1.0,0.0,1.0
4,,,0.0,0.0,0,0,,,,0,,,,0,,0.0,3,,3,1.0,G0_raw_topology,0,0.0,61,8,,,0.0,0,,,,0,,,,u4b_v1_65,0.9508196721311475,4,3,0.04918032786885246,0,,,,4,,,0.0,1.0,0.0,1.0
0,,,,0.0,0,0,,,,0,,,,0,,,0,,0,,G0_raw_topology,0,0.0,33,8,,,0.0,0,,,,0,,,,u4b_v1_66,1.0,4,0,0.0,0,,,,4,,,0.0,1.0,0.0,1.0
0,,,,0.0,0,0,,,,2,,,0.0,0,,0.0,4,,4,1.0,G0_raw_topology,0,0.0,40,8,,,0.0,2,,,0.0,2,,,0.0,u4b_v1_67,0.9,4,4,0.1,0,,,,4,,,0.0,1.0,0.0,1.0
0,,,,0.0,0,0,,,,4,,,0.0,0,,0.0,8,,8,1.0,G0_raw_topology,0,0.0,51,8,,,0.0,4,,,0.0,4,,,0.0,u4b_v1_68,0.8431372549019608,4,8,0.1568627450980392,0,,,,4,,,0.0,1.0,0.0,1.0
0,,,,0.0,0,0,,,,0,,,,0,,,0,,0,,G0_raw_topology,0,0.0,39,8,,,0.0,0,,,,0,,,,u4b_v1_69,1.0,4,0,0.0,0,,,,4,,,0.0,1.0,0.0,1.0
0,,,,0.0,0,0,,,,0,,,,4,,,0,0.0,0,,G0_raw_topology,0,0.0,29,4,,,0.0,0,,,,0,,,,u4b_v1_70,1.0,4,0,0.0,4,,,0.0,0,,,,1.0,0.0,1.0
0,,,,0.0,0,0,,,,0,,,,0,,,0,,0,,G0_raw_topology,0,0.0,51,8,,,0.0,0,,,,0,,,,u4b_v1_71,1.0,4,0,0.0,0,,,,4,,,0.0,1.0,0.0,1.0
4,,,0.0,0.0,0,0,,,,0,,,,0,,,0,,0,,G1_single_label_v2,0,0.0,41,8,,,0.0,0,,,,0,,,,u4b_v1_60,1.0,4,0,0.0,0,,,,4,,,0.0,1.0,0.0,1.0
4,,,0.0,0.0,0,1,,,0.0,3,,,0.0,0,,0.0,37,,37,1.0,G1_single_label_v2,0,0.0,73,7,,,0.0,2,,,0.0,3,,,0.0,u4b_v1_61,0.4931506849315068,3,37,0.5068493150684932,0,,,,3,,,0.0,1.0,0.0,1.0
4,,,0.0,0.0,0,0,,,,4,,,0.0,0,,0.0,8,,8,1.0,G1_single_label_v2,0,0.0,56,8,,,0.0,4,,,0.0,4,,,0.0,u4b_v1_62,0.8571428571428571,4,8,0.14285714285714285,0,,,,4,,,0.0,1.0,0.0,1.0
4,,,0.0,0.0,0,0,,,,0,,,,0,,,0,,0,,G1_single_label_v2,0,0.0,41,8,,,0.0,0,,,,0,,,,u4b_v1_63,1.0,4,0,0.0,0,,,,4,,,0.0,1.0,0.0,1.0
0,,,,0.0,0,0,,,,0,,,,4,,,0,0.0,0,,G1_single_label_v2,0,0.0,13,4,,,0.0,0,,,,0,,,,u4b_v1_64,1.0,4,0,0.0,4,,,0.0,0,,,,1.0,0.0,1.0
4,,,0.0,0.0,0,0,,,,0,,,,0,,0.0,3,,3,1.0,G1_single_label_v2,0,0.0,61,8,,0.0,0.0,0,,,,0,,,,u4b_v1_65,0.9508196721311475,4,3,0.04918032786885246,0,,,,4,,,0.0,1.0,0.01639344262295082,0.9836065573770492
0,,,,0.0,0,0,,,,0,,,,0,,,0,,0,,G1_single_label_v2,0,0.0,33,8,0.5333333333333333,0.5714285714285714,0.5,0,,,,0,,,,u4b_v1_66,1.0,4,0,0.0,0,,,,4,,,0.0,1.0,0.21212121212121213,0.7878787878787878
0,,,,0.0,0,0,,,,2,,,0.0,0,,0.0,4,,4,1.0,G1_single_label_v2,0,0.0,40,8,0.5,0.5,0.5,2,,,0.0,2,,,0.0,u4b_v1_67,0.9,4,4,0.1,0,,,,4,,,0.0,1.0,0.2,0.8
0,,,,0.0,0,0,,,,4,,,0.0,0,,0.0,8,,8,1.0,G1_single_label_v2,0,0.0,51,8,0.4210526315789474,0.36363636363636365,0.5,4,,,0.0,4,,,0.0,u4b_v1_68,0.8431372549019608,4,8,0.1568627450980392,0,,,,4,,,0.0,1.0,0.21568627450980393,0.7843137254901961
0,,,,0.0,0,0,,,,0,,,,0,,,0,,0,,G1_single_label_v2,0,0.0,39,8,0.3478260869565218,0.26666666666666666,0.5,0,,,,0,,,,u4b_v1_69,1.0,4,0,0.0,0,,,,4,,,0.0,1.0,0.38461538461538464,0.6153846153846154
0,,,,0.0,0,0,,,,0,,,,4,,,0,0.0,0,,G1_single_label_v2,0,0.0,29,4,,0.0,0.0,0,,,,0,,,,u4b_v1_70,1.0,4,0,0.0,4,,,0.0,0,,,,1.0,0.13793103448275862,0.8620689655172413
0,,,,0.0,0,0,,,,0,,,,0,,,0,,0,,G1_single_label_v2,0,0.0,51,8,0.30769230769230765,0.2222222222222222,0.5,0,,,,0,,,,u4b_v1_71,1.0,4,0,0.0,0,,,,4,,,0.0,1.0,0.35294117647058826,0.6470588235294118
4,,,0.0,0.0,0,0,,,,0,,,,0,,,0,,0,,G2_conditional_role_compatibility,0,0.0,41,8,,,0.0,0,,,,0,,,,u4b_v1_60,1.0,4,0,0.0,0,,,,4,,,0.0,1.0,0.0,1.0
4,,,0.0,0.0,0,1,,,0.0,3,,,0.0,0,,,0,,0,,G2_conditional_role_compatibility,0,0.0,73,7,,,0.0,2,,,0.0,3,,,0.0,u4b_v1_61,1.0,3,0,0.0,0,,,,3,,,0.0,1.0,0.0,1.0
4,,,0.0,0.0,0,0,,,,4,,,0.0,0,,,0,,0,,G2_conditional_role_compatibility,0,0.0,56,8,,,0.0,4,,,0.0,4,,,0.0,u4b_v1_62,1.0,4,0,0.0,0,,,,4,,,0.0,1.0,0.0,1.0
4,,,0.0,0.0,0,0,,,,0,,,,0,,,0,,0,,G2_conditional_role_compatibility,0,0.0,41,8,,,0.0,0,,,,0,,,,u4b_v1_63,1.0,4,0,0.0,0,,,,4,,,0.0,1.0,0.0,1.0
0,,,,0.0,0,0,,,,0,,,,4,,,0,0.0,0,,G2_conditional_role_compatibility,0,0.0,13,4,,,0.0,0,,,,0,,,,u4b_v1_64,1.0,4,0,0.0,4,,,0.0,0,,,,1.0,0.0,1.0
4,,,0.0,0.0,0,0,,,,0,,,,0,,,0,,0,,G2_conditional_role_compatibility,0,0.0,61,8,,0.0,0.0,0,,,,0,,,,u4b_v1_65,1.0,4,0,0.0,0,,,,4,,,0.0,1.0,0.01639344262295082,0.9836065573770492
0,,,,0.0,0,0,,,,0,,,,0,,,0,,0,,G2_conditional_role_compatibility,0,0.0,33,8,0.5333333333333333,0.5714285714285714,0.5,0,,,,0,,,,u4b_v1_66,1.0,4,0,0.0,0,,,,4,,,0.0,1.0,0.21212121212121213,0.7878787878787878
0,,,,0.0,0,0,,,,2,,,0.0,0,,,0,,0,,G2_conditional_role_compatibility,0,0.0,40,8,0.5,0.5,0.5,2,,,0.0,2,,,0.0,u4b_v1_67,1.0,4,0,0.0,0,,,,4,,,0.0,1.0,0.2,0.8
0,,,,0.0,0,0,,,,4,,,0.0,0,,,0,,0,,G2_conditional_role_compatibility,0,0.0,51,8,0.4210526315789474,0.36363636363636365,0.5,4,,,0.0,4,,,0.0,u4b_v1_68,1.0,4,0,0.0,0,,,,4,,,0.0,1.0,0.21568627450980393,0.7843137254901961
0,,,,0.0,0,0,,,,0,,,,0,,,0,,0,,G2_conditional_role_compatibility,0,0.0,39,8,0.3478260869565218,0.26666666666666666,0.5,0,,,,0,,,,u4b_v1_69,1.0,4,0,0.0,0,,,,4,,,0.0,1.0,0.38461538461538464,0.6153846153846154
0,,,,0.0,0,0,,,,0,,,,4,,,0,0.0,0,,G2_conditional_role_compatibility,0,0.0,29,4,,0.0,0.0,0,,,,0,,,,u4b_v1_70,1.0,4,0,0.0,4,,,0.0,0,,,,1.0,0.13793103448275862,0.8620689655172413
0,,,,0.0,0,0,,,,0,,,,0,,,0,,0,,G2_conditional_role_compatibility,0,0.0,51,8,0.30769230769230765,0.2222222222222222,0.5,0,,,,0,,,,u4b_v1_71,1.0,4,0,0.0,0,,,,4,,,0.0,1.0,0.35294117647058826,0.6470588235294118
